band,start_time,end_time,duration,max_power,integrated_power,dominant_frequency,bandwidth,L,MLT,MLAT,Storm_Phase
Pc1,2015-03-01 03:15:35.433208,2015-03-01 04:41:52.006560,92.53125,11.323125024155384,679.5798315321301,0.18372171563660927,0.010807159743329964,2.28363,3.41431,0.822128,Main Phase
Pc1,2015-03-01 12:13:10.491379,2015-03-01 13:39:47.252330,140.46875,9.114599345877535,818.0769649842289,0.18509454949944384,0.007119021134594006,2.23625,3.61854,4.9611,Recovery Phase
Pc1,2015-03-01 21:09:29.689098,2015-03-01 22:36:54.684421,112.109375,8.547339181721247,585.0944387256714,0.1873170731707317,0.0089198606271777,2.42464,3.2359,-10.7251,Main Phase
Pc1,2015-03-02 06:12:14.952014,2015-03-02 07:38:58.509842,101.890625,11.18925695882423,671.6940124949641,0.18647446710627202,0.009814445637172209,2.3098,3.44844,7.05931,Main Phase
Pc1,2015-03-02 15:08:33.337351,2015-03-02 16:33:11.550634,91.890625,4.855637627294394,291.5732749671778,0.18500255058663492,0.0,2.25824,3.51201,-2.22082,Recovery Phase
Pc1,2015-03-03 00:08:16.177044,2015-03-03 01:33:29.593751,105.046875,11.721578464381771,703.9413757090183,0.1808716346868957,0.009519559720362947,2.22547,3.45755,-6.06328,Quiet
Pc1,2015-03-03 09:06:26.923190,2015-03-03 10:34:48.090989,108.0,10.610421763574939,638.5487540078775,0.18518518518518517,0.0,2.39295,3.38371,8.5909,Quiet
Pc1,2015-03-03 18:02:56.590708,2015-03-03 19:28:19.476023,100.921875,6.682293824810433,401.90315229032456,0.1882644372193838,0.009908654590493893,2.33369,3.41335,-8.47211,Quiet
Pc1,2015-03-04 03:04:10.337539,2015-03-04 04:30:19.629483,95.140625,12.879988880071474,773.0149694086073,0.18919362785350632,0.02102151420594514,2.23036,3.42827,1.15979,Quiet
Pc1,2015-03-04 12:01:40.048470,2015-03-04 13:28:24.886047,135.1875,8.987398055023682,782.3371966875411,0.18492834026814609,0.0,2.36301,3.25282,4.51784,Quiet
Pc1,2015-03-04 20:58:09.177359,2015-03-04 22:25:16.327873,107.3125,8.089648339201604,552.6139657066442,0.186371578334304,0.009318578916715198,2.36115,3.25331,-10.0699,Quiet
Pc1,2015-03-05 06:00:45.230939,2015-03-05 07:27:39.600169,104.5,13.754741701919857,825.7207855936617,0.19138755980861244,0.009569377990430616,2.25882,3.44933,7.56544,Quiet
Pc1,2015-03-05 14:57:09.562250,2015-03-05 16:21:45.992984,89.203125,5.15746192828492,309.62404283384114,0.19057628306183222,0.011210369591872493,2.38988,3.15814,-2.68044,Quiet
Pc1,2015-03-06 00:04:01.349018,2015-03-06 01:22:00.371760,107.609375,11.026621529223913,682.0140661730652,0.1858574125163351,0.00929287062581674,1.97475,3.95164,-5.17687,Quiet
Pc1,2015-03-06 08:54:58.396771,2015-03-06 10:23:27.375689,99.4375,8.46980677628644,509.68751669032247,0.18101822752985544,0.010056568196103094,2.35252,3.3757,9.39943,Quiet
Pc1,2015-03-06 17:51:27.211408,2015-03-06 19:16:56.017099,106.6875,7.445631176206769,447.6202469310226,0.18746338605741067,0.009373169302870549,2.4676,3.0719,-8.79112,Quiet
Pc1,2015-03-07 02:52:41.305523,2015-03-07 04:18:54.064337,95.984375,13.402721126464426,804.3865903415808,0.1875305225459873,0.010418362363665973,2.17674,3.45236,1.49012,Quiet
Pc1,2015-03-07 11:50:15.742537,2015-03-07 13:17:14.001651,135.8125,8.55735207782625,776.9976550734857,0.18407731247123793,0.0,2.31973,3.23794,5.5725,Quiet
Pc1,2015-03-07 20:46:37.257500,2015-03-07 22:13:49.297902,121.15625,9.157382348045745,686.0485415862152,0.1815836987361362,0.008253804488006194,2.49366,2.9269,-10.174,Quiet
Pc1,2015-03-08 05:49:15.507514,2015-03-08 07:16:17.124304,104.4375,12.927983619078041,776.0051568775591,0.18192698982645122,0.00957510472770795,2.20649,3.46112,8.05781,Quiet
Pc1,2015-03-08 14:45:49.619627,2015-03-08 16:10:23.638253,82.515625,3.865137629078393,232.06942254968874,0.18178375307706873,0.0,2.33231,3.14448,-1.57151,Quiet
Pc1,2015-03-09 00:01:16.169738,2015-03-09 01:10:30.244903,111.640625,11.411976161728525,720.5771195018215,0.1881035689293212,0.008957312806158163,1.72362,4.61074,-4.07418,Quiet
Pc1,2015-03-09 08:43:30.743265,2015-03-09 10:12:14.083963,112.4375,11.7667794875324,710.6362204737503,0.1867704280155642,0.008893829905503081,2.30829,3.37809,10.2073,Quiet
Pc1,2015-03-09 17:40:19.691122,2015-03-09 19:05:08.121919,81.765625,4.554533771306683,273.42947482093206,0.18345117523409135,0.0,2.40306,3.07237,-7.84441,Quiet
Pc1,2015-03-10 02:41:10.657137,2015-03-10 04:07:25.960710,95.78125,12.768922609693284,766.269130294065,0.18792822185970637,0.020880913539967377,2.30369,3.09024,1.58459,Quiet
Pc1,2015-03-10 11:38:39.343916,2015-03-10 13:05:43.551817,130.703125,8.582665666844216,714.33803590588,0.1836222355050807,0.0,2.27597,3.23161,6.64581,Quiet
Pc1,2015-03-10 20:35:13.365387,2015-03-10 22:02:15.133948,117.828125,8.771111151446393,631.5818498912602,0.18671263758122264,0.008486938071873756,2.42995,2.94362,-9.52718,Quiet
Pc1,2015-03-11 05:37:47.736293,2015-03-11 07:04:46.659484,99.234375,9.630077419929135,577.972437534771,0.18138875767595655,0.010077153204219785,2.15201,3.48349,8.53259,Quiet
Pc1,2015-03-11 14:34:15.956519,2015-03-11 15:59:03.393880,92.375,4.307316300047063,258.5335198187548,0.1840324763193505,0.010825439783491209,2.27457,3.13677,-0.432848,Quiet
Pc1,2015-03-12 00:00:28.090523,2015-03-12 00:58:56.964892,99.640625,11.45496783473601,758.6922502398425,0.1806492080915791,0.010036067116198838,1.31564,6.50049,-1.51443,Quiet
Pc1,2015-03-12 08:31:56.327621,2015-03-12 10:00:51.496766,110.75,10.428283318480165,630.6931325155915,0.1805869074492099,0.009029345372460501,2.43739,3.01274,9.97361,Quiet
Pc1,2015-03-12 17:28:44.390365,2015-03-12 18:53:52.967069,105.25,8.814617797389024,529.4022069069249,0.19002375296912116,0.009501187648456061,2.33812,3.07643,-6.86714,Quiet
Pc1,2015-03-13 02:29:34.952938,2015-03-13 03:55:57.307668,96.015625,11.466445733081937,688.0923612480565,0.18746948738812041,0.020829943043124494,2.24844,3.11414,1.9048,Quiet
Pc1,2015-03-13 11:27:05.876320,2015-03-13 12:54:35.260917,134.34375,7.861347561296873,666.2900050343918,0.18608978832286577,0.0074435915329146285,2.39858,2.8765,6.24193,Quiet
Pc1,2015-03-13 20:23:46.465719,2015-03-13 21:50:37.692829,111.03125,9.11385238493529,608.0314354529426,0.18012946805516464,0.00900647340275823,2.36727,2.96284,-8.85453,Quiet
Pc1,2015-03-14 05:26:20.532633,2015-03-14 06:53:19.743404,95.5,7.960552914694583,477.73289098023736,0.18848167539267016,0.010471204188481659,2.28409,3.10117,8.5147,Quiet
Pc1,2015-03-14 14:22:39.985975,2015-03-14 15:47:46.539653,104.046875,8.017289730457755,481.19940850529883,0.182610001501727,0.009611052710617213,2.2185,3.13154,0.722871,Quiet
Pc1,2015-03-15 00:00:24.085567,2015-03-15 00:47:24.627718,138.59375,11.738095885385814,1267.1054524009023,0.18038331454340473,0.007215332581736206,1.09369,9.62128,1.96431,Quiet
Pc1,2015-03-15 08:20:40.036850,2015-03-15 09:49:22.793065,98.953125,8.400881846208843,505.2398109115129,0.18190431075319755,0.010105795041844307,2.3941,3.00845,10.7524,Quiet
Pc1,2015-03-15 17:17:14.966744,2015-03-15 18:42:20.768862,105.71875,9.667873559286589,580.5063124467222,0.18918120011823827,0.009459060005911929,2.46882,2.73775,-7.18246,Quiet
Pc1,2015-03-16 02:17:59.641965,2015-03-16 03:44:32.724691,96.796875,10.961225470627118,657.7786712739336,0.18595641646489106,0.010330912025827282,2.19409,3.14148,2.22566,Quiet
Pc1,2015-03-16 11:15:33.001536,2015-03-16 12:43:13.052467,130.84375,7.079345422067544,612.4777241484628,0.18342488655361835,0.0,2.357,2.86038,7.26925,Quiet
Pc1,2015-03-16 20:12:15.156862,2015-03-16 21:39:10.660202,121.484375,9.704255422811368,709.2870085134414,0.18109324758842443,0.008231511254019275,2.49756,2.63766,-8.96524,Quiet
Pc1,2015-03-17 05:14:46.401538,2015-03-17 06:42:02.248334,92.6875,7.464668525727878,447.96037881912446,0.18341200269723534,0.010788941335131474,2.23191,3.11361,8.98174,Main Phase
Pc1,2015-03-17 14:11:02.799293,2015-03-17 15:36:35.458624,101.46875,7.012227626611452,420.9266879600715,0.18724976901755466,0.00985525100092391,2.34751,2.76966,0.220672,Main Phase
Pc1,2015-03-18 08:08:34.378262,2015-03-18 09:38:16.442757,113.71875,9.642513036542892,588.2764650409927,0.18466611706512778,0.0,2.35608,3.00792,11.5193,Recovery Phase
Pc1,2015-03-18 17:05:46.852403,2015-03-18 18:30:58.105207,103.078125,7.6564651495866896,459.603964875369,0.18432620888282553,0.009701379414885553,2.41029,2.72876,-6.23993,Recovery Phase
Pc1,2015-03-19 02:06:32.748847,2015-03-19 03:33:08.391734,98.578125,12.826022291635288,769.6784679660095,0.19274052940244096,0.010144238389602156,2.32338,2.78509,2.33623,Recovery Phase
Pc1,2015-03-19 11:03:57.267221,2015-03-19 12:31:51.909446,129.84375,7.047801669707497,593.8990333762956,0.18483754512635378,0.0,2.32043,2.84868,8.29729,Recovery Phase
Pc1,2015-03-19 20:00:58.378486,2015-03-19 21:27:38.708274,112.65625,9.235244845547848,629.5440204626004,0.18640776699029127,0.008876560332871014,2.44053,2.64603,-8.3043,Recovery Phase
Pc1,2015-03-20 05:03:22.564053,2015-03-20 06:30:41.268225,93.015625,7.423431843618099,445.4918966265574,0.18276499244078617,0.010750881908281523,2.18118,3.13345,9.42531,Recovery Phase
Pc1,2015-03-20 14:00:04.077046,2015-03-20 15:25:06.625224,95.40625,6.319735129947949,379.33408659013617,0.18866688503111692,0.010481493612839815,2.29649,2.75496,1.32664,Recovery Phase
Pc1,2015-03-21 00:00:23.469301,2015-03-21 00:01:36.906598,73.4375,0.9639880548696589,65.11496957889491,0.17702127659574468,0.013617021276595753,1.61181,15.1343,2.17581,Recovery Phase
Pc1,2015-03-21 07:57:23.037589,2015-03-21 09:26:51.865689,115.84375,9.490828303413016,586.5873611324005,0.18127866199082815,0.008632317237658504,2.4856,2.64709,11.3129,Recovery Phase
Pc1,2015-03-21 16:54:39.468922,2015-03-21 18:19:31.594329,100.40625,6.8094270614671775,408.735220510953,0.18923124805477748,0.009959539371304088,2.34928,2.72574,-5.27231,Recovery Phase
Pc1,2015-03-22 01:55:07.382124,2015-03-22 03:21:42.397111,98.671875,12.564128238719576,753.9491706515332,0.19255740300870944,0.01013460015835313,2.27137,2.80985,2.64221,Onset
Pc1,2015-03-22 10:52:32.027487,2015-03-22 12:20:46.167650,125.421875,6.575475818806802,541.3212232883632,0.1833810888252149,0.0,2.28117,2.84709,9.33259,Recovery Phase
Pc1,2015-03-22 19:49:32.220907,2015-03-22 21:16:05.798373,112.359375,9.083481258202303,619.0248897726874,0.18690029203170627,0.008900013906271709,2.38052,2.66143,-7.62785,Quiet
Pc1,2015-03-23 04:51:46.942756,2015-03-23 06:19:17.082442,102.0625,9.744274976281055,584.785552275517,0.1861604409063074,0.019595835884874457,2.31538,2.76373,9.42588,Quiet
Pc1,2015-03-23 13:48:21.757549,2015-03-23 15:13:45.585121,102.390625,7.2477784141614725,435.0763049594101,0.1855638638791393,0.009766519151533648,2.24469,2.7489,2.45739,Quiet
Pc1,2015-03-24 07:45:57.151328,2015-03-24 09:15:25.789647,110.859375,8.767762621041411,541.6945882676237,0.1894291754756871,0.009020436927413666,2.44119,2.64832,12.0488,Quiet
Pc1,2015-03-24 16:43:11.509821,2015-03-24 18:08:04.274853,108.859375,9.387494602834325,563.6523995272119,0.18372326682933832,0.009186163341466935,2.28816,2.72893,-4.27893,Quiet
Pc1,2015-03-25 01:43:35.056905,2015-03-25 03:10:13.977043,98.75,11.449789110131285,687.1004633831816,0.19240506329113924,0.010126582278481011,2.21705,2.84323,2.92857,Quiet
Pc1,2015-03-25 10:40:59.380388,2015-03-25 12:09:28.893270,121.296875,5.940360347757688,488.5426528327729,0.18137318047146722,0.008244235475975775,2.4045,2.48704,8.92095,Quiet
Pc1,2015-03-25 19:38:03.173601,2015-03-25 21:04:30.187007,112.59375,8.870324005094496,596.5057224381083,0.18651124063280602,0.008881487649181258,2.31987,2.681,-6.93441,Quiet
Pc1,2015-03-26 04:40:22.089372,2015-03-26 06:07:45.149194,92.921875,7.134098129226024,428.13959401758177,0.18294938624516563,0.010761728602656784,2.26071,2.784,9.84312,Quiet
Pc1,2015-03-26 13:36:54.348190,2015-03-26 15:02:21.470698,106.484375,7.847853563250192,471.1887203223054,0.18782098312545853,0.009391049156272924,2.36966,2.39535,1.99555,Quiet
Pc1,2015-03-27 07:34:28.599472,2015-03-27 09:04:11.627878,118.9375,8.805252324529354,582.9039769599156,0.18497109826589594,0.0,2.39637,2.65412,12.7672,Quiet
Pc1,2015-03-27 16:31:45.452911,2015-03-27 17:56:37.482469,103.359375,7.366204051461671,442.17158073024814,0.18382464096749812,0.009674981103552527,2.41695,2.38177,-4.63308,Quiet
Pc1,2015-03-28 01:32:10.242162,2015-03-28 02:58:44.067290,93.234375,9.333088489434038,560.0942493598812,0.18233618233618235,0.010725657784481313,2.34336,2.49953,3.03807,Quiet
Pc1,2015-03-28 10:29:32.405301,2015-03-28 11:57:58.855744,114.890625,5.438478963265483,413.5058720833481,0.18278253773969808,0.0,2.36554,2.47786,9.91067,Quiet
Pc1,2015-03-28 19:26:40.554375,2015-03-28 20:53:03.239040,117.65625,9.434244234599479,645.3130934181061,0.18698539176626824,0.008499335989375828,2.44868,2.34741,-7.08105,Quiet
Pc1,2015-03-29 04:28:39.106369,2015-03-29 05:56:18.635321,99.546875,9.086037023329327,545.2881617451,0.190864856380474,0.010045518756867045,2.2075,2.80717,10.2384,Quiet
Pc1,2015-03-29 13:25:26.536607,2015-03-29 14:50:56.690764,105.765625,8.10847628288244,486.9022067850593,0.1890973555916679,0.009454867779583404,2.31988,2.37778,3.07153,Quiet
Pc1,2015-03-29 22:23:06.747592,2015-03-29 23:49:55.995037,112.15625,10.483907226747212,662.7313333197392,0.18723878517692952,0.008916132627472845,2.27455,2.60779,-3.4871,Quiet
Pc1,2015-03-30 07:22:58.940545,2015-03-30 08:52:46.077668,116.90625,8.310673848724893,548.5774221038162,0.18818497727880246,0.00855386260358193,2.35113,2.66284,13.4608,Quiet
Pc1,2015-03-30 16:20:19.027587,2015-03-30 17:45:13.589135,107.34375,9.795345323763339,588.0353785323164,0.18631732168850074,0.009315866084425029,2.35951,2.3703,-3.68572,Quiet
Pc1,2015-03-31 01:20:37.774650,2015-03-31 02:47:17.787839,98.1875,8.592685075786301,515.684662079295,0.1833227243793762,0.010184595798854224,2.29249,2.52116,3.32701,Quiet
Pc1,2015-03-31 10:17:48.656865,2015-03-31 11:46:45.591064,118.296875,5.0507245874058135,373.8708542328934,0.18597279091269317,0.008453308677849686,2.32874,2.47156,10.8845,Quiet
Pc1,2015-03-31 19:15:13.085195,2015-03-31 20:41:35.785625,114.15625,8.859802619934973,573.8936554868465,0.1839583903640843,0.0,2.39229,2.35196,-6.41093,Quiet
